record_id,record_type,observed_at,entity_id,related_entity_id,entity_name,category,subcategory,status,stage,metric_name,metric_value,metric_unit,text_value,latitude,longitude,source_name,source_record_id,is_synthetic,data_version
aq-0001,measurement,2026-08-23T00:00:00Z,ahmedabad,,Ahmedabad,air_quality,no2,observed,observation,no2,44.12,µg/m³,India,23.0225,72.5714,Synthetic OpenAQ-shaped sample,ahmedabad-no2-0000,true,phase3-v1.1
aq-0002,measurement,2026-08-23T04:00:00Z,ahmedabad,,Ahmedabad,air_quality,no2,observed,observation,no2,39.33,µg/m³,India,23.0225,72.5714,Synthetic OpenAQ-shaped sample,ahmedabad-no2-0001,true,phase3-v1.1
aq-0003,measurement,2026-08-23T20:00:00Z,ahmedabad,,Ahmedabad,air_quality,no2,observed,observation,no2,41.11,µg/m³,India,23.0225,72.5714,Synthetic OpenAQ-shaped sample,ahmedabad-no2-0002,true,phase3-v1.1
aq-0004,measurement,2026-08-23T00:00:00Z,ahmedabad,,Ahmedabad,air_quality,o3,observed,observation,o3,72.44,µg/m³,India,23.0225,72.5714,Synthetic OpenAQ-shaped sample,ahmedabad-o3-0003,true,phase3-v1.1
aq-0005,measurement,2026-08-23T04:00:00Z,ahmedabad,,Ahmedabad,air_quality,o3,observed,observation,o3,69.92,µg/m³,India,23.0225,72.5714,Synthetic OpenAQ-shaped sample,ahmedabad-o3-0004,true,phase3-v1.1
aq-0006,measurement,2026-08-23T20:00:00Z,ahmedabad,,Ahmedabad,air_quality,o3,observed,observation,o3,68.02,µg/m³,India,23.0225,72.5714,Synthetic OpenAQ-shaped sample,ahmedabad-o3-0005,true,phase3-v1.1
aq-0007,measurement,2026-08-23T00:00:00Z,ahmedabad,,Ahmedabad,air_quality,pm10,observed,observation,pm10,93.68,µg/m³,India,23.0225,72.5714,Synthetic OpenAQ-shaped sample,ahmedabad-pm10-0006,true,phase3-v1.1
aq-0008,measurement,2026-08-23T04:00:00Z,ahmedabad,,Ahmedabad,air_quality,pm10,observed,observation,pm10,92.85,µg/m³,India,23.0225,72.5714,Synthetic OpenAQ-shaped sample,ahmedabad-pm10-0007,true,phase3-v1.1
aq-0009,measurement,2026-08-23T20:00:00Z,ahmedabad,,Ahmedabad,air_quality,pm10,observed,observation,pm10,88.2,µg/m³,India,23.0225,72.5714,Synthetic OpenAQ-shaped sample,ahmedabad-pm10-0008,true,phase3-v1.1
aq-0010,measurement,2026-08-23T00:00:00Z,ahmedabad,,Ahmedabad,air_quality,pm2.5,observed,observation,pm2.5,53.56,µg/m³,India,23.0225,72.5714,Synthetic OpenAQ-shaped sample,ahmedabad-pm2.5-0009,true,phase3-v1.1
aq-0011,measurement,2026-08-23T04:00:00Z,ahmedabad,,Ahmedabad,air_quality,pm2.5,observed,observation,pm2.5,49.52,µg/m³,India,23.0225,72.5714,Synthetic OpenAQ-shaped sample,ahmedabad-pm2.5-0010,true,phase3-v1.1
aq-0012,measurement,2026-08-23T20:00:00Z,ahmedabad,,Ahmedabad,air_quality,pm2.5,observed,observation,pm2.5,50.08,µg/m³,India,23.0225,72.5714,Synthetic OpenAQ-shaped sample,ahmedabad-pm2.5-0011,true,phase3-v1.1
aq-0013,measurement,2026-08-23T00:00:00Z,bengaluru,,Bengaluru,air_quality,no2,observed,observation,no2,21.52,µg/m³,India,12.9716,77.5946,Synthetic OpenAQ-shaped sample,bengaluru-no2-0012,true,phase3-v1.1
aq-0014,measurement,2026-08-23T04:00:00Z,bengaluru,,Bengaluru,air_quality,no2,observed,observation,no2,28.64,µg/m³,India,12.9716,77.5946,Synthetic OpenAQ-shaped sample,bengaluru-no2-0013,true,phase3-v1.1
aq-0015,measurement,2026-08-23T20:00:00Z,bengaluru,,Bengaluru,air_quality,no2,observed,observation,no2,19.19,µg/m³,India,12.9716,77.5946,Synthetic OpenAQ-shaped sample,bengaluru-no2-0014,true,phase3-v1.1
aq-0016,measurement,2026-08-23T00:00:00Z,bengaluru,,Bengaluru,air_quality,o3,observed,observation,o3,40.24,µg/m³,India,12.9716,77.5946,Synthetic OpenAQ-shaped sample,bengaluru-o3-0015,true,phase3-v1.1
aq-0017,measurement,2026-08-23T04:00:00Z,bengaluru,,Bengaluru,air_quality,o3,observed,observation,o3,48.86,µg/m³,India,12.9716,77.5946,Synthetic OpenAQ-shaped sample,bengaluru-o3-0016,true,phase3-v1.1
aq-0018,measurement,2026-08-23T20:00:00Z,bengaluru,,Bengaluru,air_quality,o3,observed,observation,o3,36.98,µg/m³,India,12.9716,77.5946,Synthetic OpenAQ-shaped sample,bengaluru-o3-0017,true,phase3-v1.1
aq-0019,measurement,2026-08-23T00:00:00Z,bengaluru,,Bengaluru,air_quality,pm10,observed,observation,pm10,54.28,µg/m³,India,12.9716,77.5946,Synthetic OpenAQ-shaped sample,bengaluru-pm10-0018,true,phase3-v1.1
aq-0020,measurement,2026-08-23T04:00:00Z,bengaluru,,Bengaluru,air_quality,pm10,observed,observation,pm10,64.02,µg/m³,India,12.9716,77.5946,Synthetic OpenAQ-shaped sample,bengaluru-pm10-0019,true,phase3-v1.1
aq-0021,measurement,2026-08-23T20:00:00Z,bengaluru,,Bengaluru,air_quality,pm10,observed,observation,pm10,50.32,µg/m³,India,12.9716,77.5946,Synthetic OpenAQ-shaped sample,bengaluru-pm10-0020,true,phase3-v1.1
aq-0022,measurement,2026-08-23T00:00:00Z,bengaluru,,Bengaluru,air_quality,pm2.5,observed,observation,pm2.5,27.76,µg/m³,India,12.9716,77.5946,Synthetic OpenAQ-shaped sample,bengaluru-pm2.5-0021,true,phase3-v1.1
aq-0023,measurement,2026-08-23T04:00:00Z,bengaluru,,Bengaluru,air_quality,pm2.5,observed,observation,pm2.5,35.38,µg/m³,India,12.9716,77.5946,Synthetic OpenAQ-shaped sample,bengaluru-pm2.5-0022,true,phase3-v1.1
aq-0024,measurement,2026-08-23T20:00:00Z,bengaluru,,Bengaluru,air_quality,pm2.5,observed,observation,pm2.5,25.12,µg/m³,India,12.9716,77.5946,Synthetic OpenAQ-shaped sample,bengaluru-pm2.5-0023,true,phase3-v1.1
aq-0025,measurement,2026-08-23T00:00:00Z,chennai,,Chennai,air_quality,no2,observed,observation,no2,27.28,µg/m³,India,13.0827,80.2707,Synthetic OpenAQ-shaped sample,chennai-no2-0024,true,phase3-v1.1
aq-0026,measurement,2026-08-23T04:00:00Z,chennai,,Chennai,air_quality,no2,observed,observation,no2,34.78,µg/m³,India,13.0827,80.2707,Synthetic OpenAQ-shaped sample,chennai-no2-0025,true,phase3-v1.1
aq-0027,measurement,2026-08-23T20:00:00Z,chennai,,Chennai,air_quality,no2,observed,observation,no2,24.72,µg/m³,India,13.0827,80.2707,Synthetic OpenAQ-shaped sample,chennai-no2-0026,true,phase3-v1.1
aq-0028,measurement,2026-08-23T00:00:00Z,chennai,,Chennai,air_quality,o3,observed,observation,o3,49.36,µg/m³,India,13.0827,80.2707,Synthetic OpenAQ-shaped sample,chennai-o3-0027,true,phase3-v1.1
aq-0029,measurement,2026-08-23T04:00:00Z,chennai,,Chennai,air_quality,o3,observed,observation,o3,58.63,µg/m³,India,13.0827,80.2707,Synthetic OpenAQ-shaped sample,chennai-o3-0028,true,phase3-v1.1
aq-0030,measurement,2026-08-23T20:00:00Z,chennai,,Chennai,air_quality,o3,observed,observation,o3,45.69,µg/m³,India,13.0827,80.2707,Synthetic OpenAQ-shaped sample,chennai-o3-0029,true,phase3-v1.1
aq-0031,measurement,2026-08-23T00:00:00Z,chennai,,Chennai,air_quality,pm10,observed,observation,pm10,65.92,µg/m³,India,13.0827,80.2707,Synthetic OpenAQ-shaped sample,chennai-pm10-0030,true,phase3-v1.1
aq-0032,measurement,2026-08-23T04:00:00Z,chennai,,Chennai,air_quality,pm10,observed,observation,pm10,76.51,µg/m³,India,13.0827,80.2707,Synthetic OpenAQ-shaped sample,chennai-pm10-0031,true,phase3-v1.1
aq-0033,measurement,2026-08-23T20:00:00Z,chennai,,Chennai,air_quality,pm10,observed,observation,pm10,61.42,µg/m³,India,13.0827,80.2707,Synthetic OpenAQ-shaped sample,chennai-pm10-0032,true,phase3-v1.1
aq-0034,measurement,2026-08-23T00:00:00Z,chennai,,Chennai,air_quality,pm2.5,observed,observation,pm2.5,34.64,µg/m³,India,13.0827,80.2707,Synthetic OpenAQ-shaped sample,chennai-pm2.5-0033,true,phase3-v1.1
aq-0035,measurement,2026-08-23T04:00:00Z,chennai,,Chennai,air_quality,pm2.5,observed,observation,pm2.5,42.73,µg/m³,India,13.0827,80.2707,Synthetic OpenAQ-shaped sample,chennai-pm2.5-0034,true,phase3-v1.1
aq-0036,measurement,2026-08-23T20:00:00Z,chennai,,Chennai,air_quality,pm2.5,observed,observation,pm2.5,31.71,µg/m³,India,13.0827,80.2707,Synthetic OpenAQ-shaped sample,chennai-pm2.5-0035,true,phase3-v1.1
aq-0037,measurement,2026-08-23T00:00:00Z,delhi,,Delhi,air_quality,no2,observed,observation,no2,46.7,µg/m³,India,28.6139,77.209,Synthetic OpenAQ-shaped sample,delhi-no2-0036,true,phase3-v1.1
aq-0038,measurement,2026-08-23T04:00:00Z,delhi,,Delhi,air_quality,no2,observed,observation,no2,55.92,µg/m³,India,28.6139,77.209,Synthetic OpenAQ-shaped sample,delhi-no2-0037,true,phase3-v1.1
aq-0039,measurement,2026-08-23T20:00:00Z,delhi,,Delhi,air_quality,no2,observed,observation,no2,56.06,µg/m³,India,28.6139,77.209,Synthetic OpenAQ-shaped sample,delhi-no2-0038,true,phase3-v1.1
aq-0040,measurement,2026-08-23T00:00:00Z,delhi,,Delhi,air_quality,o3,observed,observation,o3,83.9,µg/m³,India,28.6139,77.209,Synthetic OpenAQ-shaped sample,delhi-o3-0039,true,phase3-v1.1
aq-0041,measurement,2026-08-23T04:00:00Z,delhi,,Delhi,air_quality,o3,observed,observation,o3,96.09,µg/m³,India,28.6139,77.209,Synthetic OpenAQ-shaped sample,delhi-o3-0040,true,phase3-v1.1
aq-0042,measurement,2026-08-23T20:00:00Z,delhi,,Delhi,air_quality,o3,observed,observation,o3,91.41,µg/m³,India,28.6139,77.209,Synthetic OpenAQ-shaped sample,delhi-o3-0041,true,phase3-v1.1
aq-0043,measurement,2026-08-23T00:00:00Z,delhi,,Delhi,air_quality,pm10,observed,observation,pm10,111.8,µg/m³,India,28.6139,77.209,Synthetic OpenAQ-shaped sample,delhi-pm10-0042,true,phase3-v1.1
aq-0044,measurement,2026-08-23T04:00:00Z,delhi,,Delhi,air_quality,pm10,observed,observation,pm10,126.22,µg/m³,India,28.6139,77.209,Synthetic OpenAQ-shaped sample,delhi-pm10-0043,true,phase3-v1.1
aq-0045,measurement,2026-08-23T20:00:00Z,delhi,,Delhi,air_quality,pm10,observed,observation,pm10,117.91,µg/m³,India,28.6139,77.209,Synthetic OpenAQ-shaped sample,delhi-pm10-0044,true,phase3-v1.1
aq-0046,measurement,2026-08-23T00:00:00Z,delhi,,Delhi,air_quality,pm2.5,observed,observation,pm2.5,59.1,µg/m³,India,28.6139,77.209,Synthetic OpenAQ-shaped sample,delhi-pm2.5-0045,true,phase3-v1.1
aq-0047,measurement,2026-08-23T04:00:00Z,delhi,,Delhi,air_quality,pm2.5,observed,observation,pm2.5,69.31,µg/m³,India,28.6139,77.209,Synthetic OpenAQ-shaped sample,delhi-pm2.5-0046,true,phase3-v1.1
aq-0048,measurement,2026-08-23T20:00:00Z,delhi,,Delhi,air_quality,pm2.5,observed,observation,pm2.5,67.84,µg/m³,India,28.6139,77.209,Synthetic OpenAQ-shaped sample,delhi-pm2.5-0047,true,phase3-v1.1
aq-0049,measurement,2026-08-23T00:00:00Z,hyderabad,,Hyderabad,air_quality,no2,observed,observation,no2,37.0,µg/m³,India,17.385,78.4867,Synthetic OpenAQ-shaped sample,hyderabad-no2-0048,true,phase3-v1.1
aq-0050,measurement,2026-08-23T04:00:00Z,hyderabad,,Hyderabad,air_quality,no2,observed,observation,no2,31.72,µg/m³,India,17.385,78.4867,Synthetic OpenAQ-shaped sample,hyderabad-no2-0049,true,phase3-v1.1
aq-0051,measurement,2026-08-23T20:00:00Z,hyderabad,,Hyderabad,air_quality,no2,observed,observation,no2,34.3,µg/m³,India,17.385,78.4867,Synthetic OpenAQ-shaped sample,hyderabad-no2-0050,true,phase3-v1.1
aq-0052,measurement,2026-08-23T00:00:00Z,hyderabad,,Hyderabad,air_quality,o3,observed,observation,o3,61.0,µg/m³,India,17.385,78.4867,Synthetic OpenAQ-shaped sample,hyderabad-o3-0051,true,phase3-v1.1
aq-0053,measurement,2026-08-23T04:00:00Z,hyderabad,,Hyderabad,air_quality,o3,observed,observation,o3,57.64,µg/m³,India,17.385,78.4867,Synthetic OpenAQ-shaped sample,hyderabad-o3-0052,true,phase3-v1.1
aq-0054,measurement,2026-08-23T20:00:00Z,hyderabad,,Hyderabad,air_quality,o3,observed,observation,o3,57.1,µg/m³,India,17.385,78.4867,Synthetic OpenAQ-shaped sample,hyderabad-o3-0053,true,phase3-v1.1
aq-0055,measurement,2026-08-23T00:00:00Z,hyderabad,,Hyderabad,air_quality,pm10,observed,observation,pm10,79.0,µg/m³,India,17.385,78.4867,Synthetic OpenAQ-shaped sample,hyderabad-pm10-0054,true,phase3-v1.1
aq-0056,measurement,2026-08-23T04:00:00Z,hyderabad,,Hyderabad,air_quality,pm10,observed,observation,pm10,77.08,µg/m³,India,17.385,78.4867,Synthetic OpenAQ-shaped sample,hyderabad-pm10-0055,true,phase3-v1.1
aq-0057,measurement,2026-08-23T20:00:00Z,hyderabad,,Hyderabad,air_quality,pm10,observed,observation,pm10,74.2,µg/m³,India,17.385,78.4867,Synthetic OpenAQ-shaped sample,hyderabad-pm10-0056,true,phase3-v1.1
aq-0058,measurement,2026-08-23T00:00:00Z,hyderabad,,Hyderabad,air_quality,pm2.5,observed,observation,pm2.5,45.0,µg/m³,India,17.385,78.4867,Synthetic OpenAQ-shaped sample,hyderabad-pm2.5-0057,true,phase3-v1.1
aq-0059,measurement,2026-08-23T04:00:00Z,hyderabad,,Hyderabad,air_quality,pm2.5,observed,observation,pm2.5,40.36,µg/m³,India,17.385,78.4867,Synthetic OpenAQ-shaped sample,hyderabad-pm2.5-0058,true,phase3-v1.1
aq-0060,measurement,2026-08-23T20:00:00Z,hyderabad,,Hyderabad,air_quality,pm2.5,observed,observation,pm2.5,41.9,µg/m³,India,17.385,78.4867,Synthetic OpenAQ-shaped sample,hyderabad-pm2.5-0059,true,phase3-v1.1
aq-0061,measurement,2026-08-23T00:00:00Z,kolkata,,Kolkata,air_quality,no2,observed,observation,no2,42.8,µg/m³,India,22.5726,88.3639,Synthetic OpenAQ-shaped sample,kolkata-no2-0060,true,phase3-v1.1
aq-0062,measurement,2026-08-23T04:00:00Z,kolkata,,Kolkata,air_quality,no2,observed,observation,no2,38.06,µg/m³,India,22.5726,88.3639,Synthetic OpenAQ-shaped sample,kolkata-no2-0061,true,phase3-v1.1
aq-0063,measurement,2026-08-23T20:00:00Z,kolkata,,Kolkata,air_quality,no2,observed,observation,no2,39.76,µg/m³,India,22.5726,88.3639,Synthetic OpenAQ-shaped sample,kolkata-no2-0062,true,phase3-v1.1
aq-0064,measurement,2026-08-23T00:00:00Z,kolkata,,Kolkata,air_quality,o3,observed,observation,o3,71.6,µg/m³,India,22.5726,88.3639,Synthetic OpenAQ-shaped sample,kolkata-o3-0063,true,phase3-v1.1
aq-0065,measurement,2026-08-23T04:00:00Z,kolkata,,Kolkata,air_quality,o3,observed,observation,o3,69.17,µg/m³,India,22.5726,88.3639,Synthetic OpenAQ-shaped sample,kolkata-o3-0064,true,phase3-v1.1
aq-0066,measurement,2026-08-23T20:00:00Z,kolkata,,Kolkata,air_quality,o3,observed,observation,o3,67.12,µg/m³,India,22.5726,88.3639,Synthetic OpenAQ-shaped sample,kolkata-o3-0065,true,phase3-v1.1
aq-0067,measurement,2026-08-23T00:00:00Z,kolkata,,Kolkata,air_quality,pm10,observed,observation,pm10,93.2,µg/m³,India,22.5726,88.3639,Synthetic OpenAQ-shaped sample,kolkata-pm10-0066,true,phase3-v1.1
aq-0068,measurement,2026-08-23T04:00:00Z,kolkata,,Kolkata,air_quality,pm10,observed,observation,pm10,92.5,µg/m³,India,22.5726,88.3639,Synthetic OpenAQ-shaped sample,kolkata-pm10-0067,true,phase3-v1.1
aq-0069,measurement,2026-08-23T20:00:00Z,kolkata,,Kolkata,air_quality,pm10,observed,observation,pm10,87.64,µg/m³,India,22.5726,88.3639,Synthetic OpenAQ-shaped sample,kolkata-pm10-0068,true,phase3-v1.1
aq-0070,measurement,2026-08-23T00:00:00Z,kolkata,,Kolkata,air_quality,pm2.5,observed,observation,pm2.5,52.4,µg/m³,India,22.5726,88.3639,Synthetic OpenAQ-shaped sample,kolkata-pm2.5-0069,true,phase3-v1.1
aq-0071,measurement,2026-08-23T04:00:00Z,kolkata,,Kolkata,air_quality,pm2.5,observed,observation,pm2.5,48.43,µg/m³,India,22.5726,88.3639,Synthetic OpenAQ-shaped sample,kolkata-pm2.5-0070,true,phase3-v1.1
aq-0072,measurement,2026-08-23T20:00:00Z,kolkata,,Kolkata,air_quality,pm2.5,observed,observation,pm2.5,48.88,µg/m³,India,22.5726,88.3639,Synthetic OpenAQ-shaped sample,kolkata-pm2.5-0071,true,phase3-v1.1
aq-0073,measurement,2026-08-23T00:00:00Z,mumbai,,Mumbai,air_quality,no2,observed,observation,no2,38.4,µg/m³,India,19.076,72.8777,Synthetic OpenAQ-shaped sample,mumbai-no2-0072,true,phase3-v1.1
aq-0074,measurement,2026-08-23T04:00:00Z,mumbai,,Mumbai,air_quality,no2,observed,observation,no2,46.39,µg/m³,India,19.076,72.8777,Synthetic OpenAQ-shaped sample,mumbai-no2-0073,true,phase3-v1.1
aq-0075,measurement,2026-08-23T20:00:00Z,mumbai,,Mumbai,air_quality,no2,observed,observation,no2,35.53,µg/m³,India,19.076,72.8777,Synthetic OpenAQ-shaped sample,mumbai-no2-0074,true,phase3-v1.1
aq-0076,measurement,2026-08-23T00:00:00Z,mumbai,,Mumbai,air_quality,o3,observed,observation,o3,64.8,µg/m³,India,19.076,72.8777,Synthetic OpenAQ-shaped sample,mumbai-o3-0075,true,phase3-v1.1
aq-0077,measurement,2026-08-23T04:00:00Z,mumbai,,Mumbai,air_quality,o3,observed,observation,o3,74.9,µg/m³,India,19.076,72.8777,Synthetic OpenAQ-shaped sample,mumbai-o3-0076,true,phase3-v1.1
aq-0078,measurement,2026-08-23T20:00:00Z,mumbai,,Mumbai,air_quality,o3,observed,observation,o3,60.61,µg/m³,India,19.076,72.8777,Synthetic OpenAQ-shaped sample,mumbai-o3-0077,true,phase3-v1.1
aq-0079,measurement,2026-08-23T00:00:00Z,mumbai,,Mumbai,air_quality,pm10,observed,observation,pm10,84.6,µg/m³,India,19.076,72.8777,Synthetic OpenAQ-shaped sample,mumbai-pm10-0078,true,phase3-v1.1
aq-0080,measurement,2026-08-23T04:00:00Z,mumbai,,Mumbai,air_quality,pm10,observed,observation,pm10,96.29,µg/m³,India,19.076,72.8777,Synthetic OpenAQ-shaped sample,mumbai-pm10-0079,true,phase3-v1.1
aq-0081,measurement,2026-08-23T20:00:00Z,mumbai,,Mumbai,air_quality,pm10,observed,observation,pm10,79.42,µg/m³,India,19.076,72.8777,Synthetic OpenAQ-shaped sample,mumbai-pm10-0080,true,phase3-v1.1
aq-0082,measurement,2026-08-23T00:00:00Z,mumbai,,Mumbai,air_quality,pm2.5,observed,observation,pm2.5,47.2,µg/m³,India,19.076,72.8777,Synthetic OpenAQ-shaped sample,mumbai-pm2.5-0081,true,phase3-v1.1
aq-0083,measurement,2026-08-23T04:00:00Z,mumbai,,Mumbai,air_quality,pm2.5,observed,observation,pm2.5,55.9,µg/m³,India,19.076,72.8777,Synthetic OpenAQ-shaped sample,mumbai-pm2.5-0082,true,phase3-v1.1
aq-0084,measurement,2026-08-23T20:00:00Z,mumbai,,Mumbai,air_quality,pm2.5,observed,observation,pm2.5,43.89,µg/m³,India,19.076,72.8777,Synthetic OpenAQ-shaped sample,mumbai-pm2.5-0083,true,phase3-v1.1
aq-0085,measurement,2026-08-23T00:00:00Z,pune,,Pune,air_quality,no2,observed,observation,no2,26.92,µg/m³,India,18.5204,73.8567,Synthetic OpenAQ-shaped sample,pune-no2-0084,true,phase3-v1.1
aq-0086,measurement,2026-08-23T04:00:00Z,pune,,Pune,air_quality,no2,observed,observation,no2,34.31,µg/m³,India,18.5204,73.8567,Synthetic OpenAQ-shaped sample,pune-no2-0085,true,phase3-v1.1
aq-0087,measurement,2026-08-23T20:00:00Z,pune,,Pune,air_quality,no2,observed,observation,no2,24.42,µg/m³,India,18.5204,73.8567,Synthetic OpenAQ-shaped sample,pune-no2-0086,true,phase3-v1.1
aq-0088,measurement,2026-08-23T00:00:00Z,pune,,Pune,air_quality,o3,observed,observation,o3,48.04,µg/m³,India,18.5204,73.8567,Synthetic OpenAQ-shaped sample,pune-o3-0087,true,phase3-v1.1
aq-0089,measurement,2026-08-23T04:00:00Z,pune,,Pune,air_quality,o3,observed,observation,o3,57.12,µg/m³,India,18.5204,73.8567,Synthetic OpenAQ-shaped sample,pune-o3-0088,true,phase3-v1.1
aq-0090,measurement,2026-08-23T20:00:00Z,pune,,Pune,air_quality,o3,observed,observation,o3,44.49,µg/m³,India,18.5204,73.8567,Synthetic OpenAQ-shaped sample,pune-o3-0089,true,phase3-v1.1
aq-0091,measurement,2026-08-23T00:00:00Z,pune,,Pune,air_quality,pm10,observed,observation,pm10,63.88,µg/m³,India,18.5204,73.8567,Synthetic OpenAQ-shaped sample,pune-pm10-0090,true,phase3-v1.1
aq-0092,measurement,2026-08-23T04:00:00Z,pune,,Pune,air_quality,pm10,observed,observation,pm10,74.23,µg/m³,India,18.5204,73.8567,Synthetic OpenAQ-shaped sample,pune-pm10-0091,true,phase3-v1.1
aq-0093,measurement,2026-08-23T20:00:00Z,pune,,Pune,air_quality,pm10,observed,observation,pm10,59.54,µg/m³,India,18.5204,73.8567,Synthetic OpenAQ-shaped sample,pune-pm10-0092,true,phase3-v1.1
aq-0094,measurement,2026-08-23T00:00:00Z,pune,,Pune,air_quality,pm2.5,observed,observation,pm2.5,33.96,µg/m³,India,18.5204,73.8567,Synthetic OpenAQ-shaped sample,pune-pm2.5-0093,true,phase3-v1.1
aq-0095,measurement,2026-08-23T04:00:00Z,pune,,Pune,air_quality,pm2.5,observed,observation,pm2.5,41.92,µg/m³,India,18.5204,73.8567,Synthetic OpenAQ-shaped sample,pune-pm2.5-0094,true,phase3-v1.1
aq-0096,measurement,2026-08-23T20:00:00Z,pune,,Pune,air_quality,pm2.5,observed,observation,pm2.5,31.11,µg/m³,India,18.5204,73.8567,Synthetic OpenAQ-shaped sample,pune-pm2.5-0095,true,phase3-v1.1
