city,country,pollutant,value,unit,timestamp,population,exposure_score,regional_average,percentage_above_regional_average,source,latitude,longitude
Ahmedabad,India,NO2,44.12,µg/m³,2026-08-23T00:00:00Z,8500000,86.5,35.7,23.59,Synthetic OpenAQ-shaped sample,23.0225,72.5714
Ahmedabad,India,NO2,39.33,µg/m³,2026-08-23T04:00:00Z,8500000,77.1,35.7,10.17,Synthetic OpenAQ-shaped sample,23.0225,72.5714
Ahmedabad,India,NO2,41.11,µg/m³,2026-08-23T20:00:00Z,8500000,80.6,35.7,15.15,Synthetic OpenAQ-shaped sample,23.0225,72.5714
Ahmedabad,India,O3,72.44,µg/m³,2026-08-23T00:00:00Z,8500000,83.3,60.9,18.95,Synthetic OpenAQ-shaped sample,23.0225,72.5714
Ahmedabad,India,O3,69.92,µg/m³,2026-08-23T04:00:00Z,8500000,80.4,60.9,14.81,Synthetic OpenAQ-shaped sample,23.0225,72.5714
Ahmedabad,India,O3,68.02,µg/m³,2026-08-23T20:00:00Z,8500000,78.2,60.9,11.69,Synthetic OpenAQ-shaped sample,23.0225,72.5714
Ahmedabad,India,PM10,93.68,µg/m³,2026-08-23T00:00:00Z,8500000,82.2,79.8,17.39,Synthetic OpenAQ-shaped sample,23.0225,72.5714
Ahmedabad,India,PM10,92.85,µg/m³,2026-08-23T04:00:00Z,8500000,81.4,79.8,16.35,Synthetic OpenAQ-shaped sample,23.0225,72.5714
Ahmedabad,India,PM10,88.2,µg/m³,2026-08-23T20:00:00Z,8500000,77.4,79.8,10.53,Synthetic OpenAQ-shaped sample,23.0225,72.5714
Ahmedabad,India,PM2.5,53.56,µg/m³,2026-08-23T00:00:00Z,8500000,85.0,44.1,21.45,Synthetic OpenAQ-shaped sample,23.0225,72.5714
Ahmedabad,India,PM2.5,49.52,µg/m³,2026-08-23T04:00:00Z,8500000,78.6,44.1,12.29,Synthetic OpenAQ-shaped sample,23.0225,72.5714
Ahmedabad,India,PM2.5,50.08,µg/m³,2026-08-23T20:00:00Z,8500000,79.5,44.1,13.56,Synthetic OpenAQ-shaped sample,23.0225,72.5714
Bengaluru,India,NO2,21.52,µg/m³,2026-08-23T00:00:00Z,14000000,42.2,35.7,-39.72,Synthetic OpenAQ-shaped sample,12.9716,77.5946
Bengaluru,India,NO2,28.64,µg/m³,2026-08-23T04:00:00Z,14000000,56.2,35.7,-19.78,Synthetic OpenAQ-shaped sample,12.9716,77.5946
Bengaluru,India,NO2,19.19,µg/m³,2026-08-23T20:00:00Z,14000000,37.6,35.7,-46.25,Synthetic OpenAQ-shaped sample,12.9716,77.5946
Bengaluru,India,O3,40.24,µg/m³,2026-08-23T00:00:00Z,14000000,46.3,60.9,-33.92,Synthetic OpenAQ-shaped sample,12.9716,77.5946
Bengaluru,India,O3,48.86,µg/m³,2026-08-23T04:00:00Z,14000000,56.2,60.9,-19.77,Synthetic OpenAQ-shaped sample,12.9716,77.5946
Bengaluru,India,O3,36.98,µg/m³,2026-08-23T20:00:00Z,14000000,42.5,60.9,-39.28,Synthetic OpenAQ-shaped sample,12.9716,77.5946
Bengaluru,India,PM10,54.28,µg/m³,2026-08-23T00:00:00Z,14000000,47.6,79.8,-31.98,Synthetic OpenAQ-shaped sample,12.9716,77.5946
Bengaluru,India,PM10,64.02,µg/m³,2026-08-23T04:00:00Z,14000000,56.2,79.8,-19.77,Synthetic OpenAQ-shaped sample,12.9716,77.5946
Bengaluru,India,PM10,50.32,µg/m³,2026-08-23T20:00:00Z,14000000,44.1,79.8,-36.94,Synthetic OpenAQ-shaped sample,12.9716,77.5946
Bengaluru,India,PM2.5,27.76,µg/m³,2026-08-23T00:00:00Z,14000000,44.1,44.1,-37.05,Synthetic OpenAQ-shaped sample,12.9716,77.5946
Bengaluru,India,PM2.5,35.38,µg/m³,2026-08-23T04:00:00Z,14000000,56.2,44.1,-19.77,Synthetic OpenAQ-shaped sample,12.9716,77.5946
Bengaluru,India,PM2.5,25.12,µg/m³,2026-08-23T20:00:00Z,14000000,39.9,44.1,-43.04,Synthetic OpenAQ-shaped sample,12.9716,77.5946
Chennai,India,NO2,27.28,µg/m³,2026-08-23T00:00:00Z,11500000,53.5,35.7,-23.59,Synthetic OpenAQ-shaped sample,13.0827,80.2707
Chennai,India,NO2,34.78,µg/m³,2026-08-23T04:00:00Z,11500000,68.2,35.7,-2.58,Synthetic OpenAQ-shaped sample,13.0827,80.2707
Chennai,India,NO2,24.72,µg/m³,2026-08-23T20:00:00Z,11500000,48.5,35.7,-30.76,Synthetic OpenAQ-shaped sample,13.0827,80.2707
Chennai,India,O3,49.36,µg/m³,2026-08-23T00:00:00Z,11500000,56.7,60.9,-18.95,Synthetic OpenAQ-shaped sample,13.0827,80.2707
Chennai,India,O3,58.63,µg/m³,2026-08-23T04:00:00Z,11500000,67.4,60.9,-3.73,Synthetic OpenAQ-shaped sample,13.0827,80.2707
Chennai,India,O3,45.69,µg/m³,2026-08-23T20:00:00Z,11500000,52.5,60.9,-24.98,Synthetic OpenAQ-shaped sample,13.0827,80.2707
Chennai,India,PM10,65.92,µg/m³,2026-08-23T00:00:00Z,11500000,57.8,79.8,-17.39,Synthetic OpenAQ-shaped sample,13.0827,80.2707
Chennai,India,PM10,76.51,µg/m³,2026-08-23T04:00:00Z,11500000,67.1,79.8,-4.12,Synthetic OpenAQ-shaped sample,13.0827,80.2707
Chennai,India,PM10,61.42,µg/m³,2026-08-23T20:00:00Z,11500000,53.9,79.8,-23.03,Synthetic OpenAQ-shaped sample,13.0827,80.2707
Chennai,India,PM2.5,34.64,µg/m³,2026-08-23T00:00:00Z,11500000,55.0,44.1,-21.45,Synthetic OpenAQ-shaped sample,13.0827,80.2707
Chennai,India,PM2.5,42.73,µg/m³,2026-08-23T04:00:00Z,11500000,67.8,44.1,-3.11,Synthetic OpenAQ-shaped sample,13.0827,80.2707
Chennai,India,PM2.5,31.71,µg/m³,2026-08-23T20:00:00Z,11500000,50.3,44.1,-28.1,Synthetic OpenAQ-shaped sample,13.0827,80.2707
Delhi,India,NO2,46.7,µg/m³,2026-08-23T00:00:00Z,32900000,91.6,35.7,30.81,Synthetic OpenAQ-shaped sample,28.6139,77.209
Delhi,India,NO2,55.92,µg/m³,2026-08-23T04:00:00Z,32900000,100.0,35.7,56.64,Synthetic OpenAQ-shaped sample,28.6139,77.209
Delhi,India,NO2,56.06,µg/m³,2026-08-23T20:00:00Z,32900000,100.0,35.7,57.03,Synthetic OpenAQ-shaped sample,28.6139,77.209
Delhi,India,O3,83.9,µg/m³,2026-08-23T00:00:00Z,32900000,96.4,60.9,37.77,Synthetic OpenAQ-shaped sample,28.6139,77.209
Delhi,India,O3,96.09,µg/m³,2026-08-23T04:00:00Z,32900000,100.0,60.9,57.78,Synthetic OpenAQ-shaped sample,28.6139,77.209
Delhi,India,O3,91.41,µg/m³,2026-08-23T20:00:00Z,32900000,100.0,60.9,50.1,Synthetic OpenAQ-shaped sample,28.6139,77.209
Delhi,India,PM10,111.8,µg/m³,2026-08-23T00:00:00Z,32900000,98.1,79.8,40.1,Synthetic OpenAQ-shaped sample,28.6139,77.209
Delhi,India,PM10,126.22,µg/m³,2026-08-23T04:00:00Z,32900000,100.0,79.8,58.17,Synthetic OpenAQ-shaped sample,28.6139,77.209
Delhi,India,PM10,117.91,µg/m³,2026-08-23T20:00:00Z,32900000,100.0,79.8,47.76,Synthetic OpenAQ-shaped sample,28.6139,77.209
Delhi,India,PM2.5,59.1,µg/m³,2026-08-23T00:00:00Z,32900000,93.8,44.1,34.01,Synthetic OpenAQ-shaped sample,28.6139,77.209
Delhi,India,PM2.5,69.31,µg/m³,2026-08-23T04:00:00Z,32900000,100.0,44.1,57.17,Synthetic OpenAQ-shaped sample,28.6139,77.209
Delhi,India,PM2.5,67.84,µg/m³,2026-08-23T20:00:00Z,32900000,100.0,44.1,53.83,Synthetic OpenAQ-shaped sample,28.6139,77.209
Hyderabad,India,NO2,37.0,µg/m³,2026-08-23T00:00:00Z,10500000,72.5,35.7,3.64,Synthetic OpenAQ-shaped sample,17.385,78.4867
Hyderabad,India,NO2,31.72,µg/m³,2026-08-23T04:00:00Z,10500000,62.2,35.7,-11.15,Synthetic OpenAQ-shaped sample,17.385,78.4867
Hyderabad,India,NO2,34.3,µg/m³,2026-08-23T20:00:00Z,10500000,67.3,35.7,-3.92,Synthetic OpenAQ-shaped sample,17.385,78.4867
Hyderabad,India,O3,61.0,µg/m³,2026-08-23T00:00:00Z,10500000,70.1,60.9,0.16,Synthetic OpenAQ-shaped sample,17.385,78.4867
Hyderabad,India,O3,57.64,µg/m³,2026-08-23T04:00:00Z,10500000,66.3,60.9,-5.35,Synthetic OpenAQ-shaped sample,17.385,78.4867
Hyderabad,India,O3,57.1,µg/m³,2026-08-23T20:00:00Z,10500000,65.6,60.9,-6.24,Synthetic OpenAQ-shaped sample,17.385,78.4867
Hyderabad,India,PM10,79.0,µg/m³,2026-08-23T00:00:00Z,10500000,69.3,79.8,-1.0,Synthetic OpenAQ-shaped sample,17.385,78.4867
Hyderabad,India,PM10,77.08,µg/m³,2026-08-23T04:00:00Z,10500000,67.6,79.8,-3.41,Synthetic OpenAQ-shaped sample,17.385,78.4867
Hyderabad,India,PM10,74.2,µg/m³,2026-08-23T20:00:00Z,10500000,65.1,79.8,-7.02,Synthetic OpenAQ-shaped sample,17.385,78.4867
Hyderabad,India,PM2.5,45.0,µg/m³,2026-08-23T00:00:00Z,10500000,71.4,44.1,2.04,Synthetic OpenAQ-shaped sample,17.385,78.4867
Hyderabad,India,PM2.5,40.36,µg/m³,2026-08-23T04:00:00Z,10500000,64.1,44.1,-8.48,Synthetic OpenAQ-shaped sample,17.385,78.4867
Hyderabad,India,PM2.5,41.9,µg/m³,2026-08-23T20:00:00Z,10500000,66.5,44.1,-4.99,Synthetic OpenAQ-shaped sample,17.385,78.4867
Kolkata,India,NO2,42.8,µg/m³,2026-08-23T00:00:00Z,15100000,83.9,35.7,19.89,Synthetic OpenAQ-shaped sample,22.5726,88.3639
Kolkata,India,NO2,38.06,µg/m³,2026-08-23T04:00:00Z,15100000,74.6,35.7,6.61,Synthetic OpenAQ-shaped sample,22.5726,88.3639
Kolkata,India,NO2,39.76,µg/m³,2026-08-23T20:00:00Z,15100000,78.0,35.7,11.37,Synthetic OpenAQ-shaped sample,22.5726,88.3639
Kolkata,India,O3,71.6,µg/m³,2026-08-23T00:00:00Z,15100000,82.3,60.9,17.57,Synthetic OpenAQ-shaped sample,22.5726,88.3639
Kolkata,India,O3,69.17,µg/m³,2026-08-23T04:00:00Z,15100000,79.5,60.9,13.58,Synthetic OpenAQ-shaped sample,22.5726,88.3639
Kolkata,India,O3,67.12,µg/m³,2026-08-23T20:00:00Z,15100000,77.1,60.9,10.21,Synthetic OpenAQ-shaped sample,22.5726,88.3639
Kolkata,India,PM10,93.2,µg/m³,2026-08-23T00:00:00Z,15100000,81.8,79.8,16.79,Synthetic OpenAQ-shaped sample,22.5726,88.3639
Kolkata,India,PM10,92.5,µg/m³,2026-08-23T04:00:00Z,15100000,81.1,79.8,15.91,Synthetic OpenAQ-shaped sample,22.5726,88.3639
Kolkata,India,PM10,87.64,µg/m³,2026-08-23T20:00:00Z,15100000,76.9,79.8,9.82,Synthetic OpenAQ-shaped sample,22.5726,88.3639
Kolkata,India,PM2.5,52.4,µg/m³,2026-08-23T00:00:00Z,15100000,83.2,44.1,18.82,Synthetic OpenAQ-shaped sample,22.5726,88.3639
Kolkata,India,PM2.5,48.43,µg/m³,2026-08-23T04:00:00Z,15100000,76.9,44.1,9.82,Synthetic OpenAQ-shaped sample,22.5726,88.3639
Kolkata,India,PM2.5,48.88,µg/m³,2026-08-23T20:00:00Z,15100000,77.6,44.1,10.84,Synthetic OpenAQ-shaped sample,22.5726,88.3639
Mumbai,India,NO2,38.4,µg/m³,2026-08-23T00:00:00Z,21600000,75.3,35.7,7.56,Synthetic OpenAQ-shaped sample,19.076,72.8777
Mumbai,India,NO2,46.39,µg/m³,2026-08-23T04:00:00Z,21600000,91.0,35.7,29.94,Synthetic OpenAQ-shaped sample,19.076,72.8777
Mumbai,India,NO2,35.53,µg/m³,2026-08-23T20:00:00Z,21600000,69.7,35.7,-0.48,Synthetic OpenAQ-shaped sample,19.076,72.8777
Mumbai,India,O3,64.8,µg/m³,2026-08-23T00:00:00Z,21600000,74.5,60.9,6.4,Synthetic OpenAQ-shaped sample,19.076,72.8777
Mumbai,India,O3,74.9,µg/m³,2026-08-23T04:00:00Z,21600000,86.1,60.9,22.99,Synthetic OpenAQ-shaped sample,19.076,72.8777
Mumbai,India,O3,60.61,µg/m³,2026-08-23T20:00:00Z,21600000,69.7,60.9,-0.48,Synthetic OpenAQ-shaped sample,19.076,72.8777
Mumbai,India,PM10,84.6,µg/m³,2026-08-23T00:00:00Z,21600000,74.2,79.8,6.02,Synthetic OpenAQ-shaped sample,19.076,72.8777
Mumbai,India,PM10,96.29,µg/m³,2026-08-23T04:00:00Z,21600000,84.5,79.8,20.66,Synthetic OpenAQ-shaped sample,19.076,72.8777
Mumbai,India,PM10,79.42,µg/m³,2026-08-23T20:00:00Z,21600000,69.7,79.8,-0.48,Synthetic OpenAQ-shaped sample,19.076,72.8777
Mumbai,India,PM2.5,47.2,µg/m³,2026-08-23T00:00:00Z,21600000,74.9,44.1,7.03,Synthetic OpenAQ-shaped sample,19.076,72.8777
Mumbai,India,PM2.5,55.9,µg/m³,2026-08-23T04:00:00Z,21600000,88.7,44.1,26.76,Synthetic OpenAQ-shaped sample,19.076,72.8777
Mumbai,India,PM2.5,43.89,µg/m³,2026-08-23T20:00:00Z,21600000,69.7,44.1,-0.48,Synthetic OpenAQ-shaped sample,19.076,72.8777
Pune,India,NO2,26.92,µg/m³,2026-08-23T00:00:00Z,7400000,52.8,35.7,-24.59,Synthetic OpenAQ-shaped sample,18.5204,73.8567
Pune,India,NO2,34.31,µg/m³,2026-08-23T04:00:00Z,7400000,67.3,35.7,-3.89,Synthetic OpenAQ-shaped sample,18.5204,73.8567
Pune,India,NO2,24.42,µg/m³,2026-08-23T20:00:00Z,7400000,47.9,35.7,-31.6,Synthetic OpenAQ-shaped sample,18.5204,73.8567
Pune,India,O3,48.04,µg/m³,2026-08-23T00:00:00Z,7400000,55.2,60.9,-21.12,Synthetic OpenAQ-shaped sample,18.5204,73.8567
Pune,India,O3,57.12,µg/m³,2026-08-23T04:00:00Z,7400000,65.7,60.9,-6.21,Synthetic OpenAQ-shaped sample,18.5204,73.8567
Pune,India,O3,44.49,µg/m³,2026-08-23T20:00:00Z,7400000,51.1,60.9,-26.95,Synthetic OpenAQ-shaped sample,18.5204,73.8567
Pune,India,PM10,63.88,µg/m³,2026-08-23T00:00:00Z,7400000,56.0,79.8,-19.95,Synthetic OpenAQ-shaped sample,18.5204,73.8567
Pune,India,PM10,74.23,µg/m³,2026-08-23T04:00:00Z,7400000,65.1,79.8,-6.98,Synthetic OpenAQ-shaped sample,18.5204,73.8567
Pune,India,PM10,59.54,µg/m³,2026-08-23T20:00:00Z,7400000,52.2,79.8,-25.39,Synthetic OpenAQ-shaped sample,18.5204,73.8567
Pune,India,PM2.5,33.96,µg/m³,2026-08-23T00:00:00Z,7400000,53.9,44.1,-22.99,Synthetic OpenAQ-shaped sample,18.5204,73.8567
Pune,India,PM2.5,41.92,µg/m³,2026-08-23T04:00:00Z,7400000,66.5,44.1,-4.94,Synthetic OpenAQ-shaped sample,18.5204,73.8567
Pune,India,PM2.5,31.11,µg/m³,2026-08-23T20:00:00Z,7400000,49.4,44.1,-29.46,Synthetic OpenAQ-shaped sample,18.5204,73.8567
